['Precision', 0.734375]
['Recall', 0.575]
['F1 score', 0.44958371877890846]
