['Precision', 0.98]
['Recall', 0.9705882352941176]
['F1 score', 0.9746444032158318]
