['Precision', 0.7125]
['Recall', 0.5208333333333334]
['F1 score', 0.3382456140350877]
