['Precision', 0.5625]
['Recall', 0.561141304347826]
['F1 score', 0.538157894736842]
