['Precision', 0.9]
['Recall', 0.9090909090909092]
['F1 score', 0.8944444444444445]
