['Precision', 0.6]
['Recall', 0.5978260869565217]
['F1 score', 0.5984900480439259]
