['Precision', 0.675]
['Recall', 0.6480769230769231]
['F1 score', 0.6323138297872342]
