['Precision', 0.9]
['Recall', 0.9130434782608696]
['F1 score', 0.8968253968253967]
